Item Type,Order Date,Order ID,Ship Date,Units Sold,Unit Price,Unit Cost
Cosmetics,10/18/2014,686800706,10/31/2014,8446,437.2,263.33
Vegetables,11/7/2011,185941302,12/8/2011,,,
Baby Food,10/31/2016,246222341,12/9/2016,1517,255.28,159.42
*Cereal,4/10/2010,161442649,5/12/2010,3322,205.7,117.11
Fruits,8/16/2011,645713555,8/31/2011,9845,9.33,6.92
*Cereal,11/24/2014,683458888,12/28/2014,9528,205.7,117.11
*Cereal,3/4/2015,679414975,4/17/2015,2844,205.7,117.11
Clothes,5/17/2012,208630645,6/28/2012,7299,109.28,35.84
Vegetables,1/29/2015,266467225,3/7/2015,2428,154.06,90.93
Vegetables,12/24/2013,118598544,1/19/2014,4800,154.06,90.93
Clothes,12/29/2015,451010930,1/19/2016,3012,109.28,35.84
Snacks,2/27/2010,220003211,3/18/2010,2694,152.58,97.44
Household,11/17/2016,702186715,12/22/2016,1508,668.27,502.54
Cosmetics,12/20/2015,544485270,1/5/2016,4146,437.2,263.33
Fruits,1/8/2011,714135205,2/6/2011,7332,9.33,6.92
Clothes,6/28/2010,448685348,7/22/2010,4820,109.28,35.84
Office Supplies,4/25/2016,405997025,5/12/2016,2397,651.21,524.96
Beverages,7/27/2012,414244067,8/7/2012,2880,47.45,31.79
Clothes,9/8/2014,821912801,10/3/2014,1117,109.28,35.84
Household,8/27/2012,247802054,9/8/2012,8989,668.27,502.54
Snacks,9/3/2012,531023156,10/15/2012,407,152.58,97.44
Clothes,8/27/2010,880999934,9/16/2010,6313,109.28,35.84
Personal Care,2/20/2011,127468717,3/9/2011,,,
Clothes,12/12/2015,770478332,1/24/2016,515,109.28,35.84
*Cereal,10/28/2012,430390107,11/13/2012,852,205.7,117.11
Beverages,1/30/2017,397877871,3/20/2017,9759,47.45,31.79
Beverages,10/22/2014,683927953,11/4/2014,8334,47.45,31.79
Fruits,1/31/2012,469839179,2/22/2012,4709,9.33,6.92
Meat,1/20/2016,357222878,3/9/2016,9043,421.89,364.69
Personal Care,1/1/2016,118002879,1/7/2016,8529,81.73,56.67
Beverages,6/1/2017,944415509,6/23/2017,2391,47.45,31.79
Office Supplies,6/30/2015,499009597,7/9/2015,6884,651.21,524.96
Fruits,1/28/2014,564646470,3/16/2014,293,9.33,6.92
Baby Food,4/8/2014,294499957,4/8/2014,7937,255.28,159.42
Beverages,9/4/2010,262056386,10/24/2010,7163,47.45,31.79
Office Supplies,5/2/2010,211114585,5/14/2010,2352,651.21,524.96
Office Supplies,10/3/2013,405785882,10/22/2013,9915,651.21,524.96
Vegetables,3/6/2011,280494105,4/14/2011,3294,154.06,90.93
Baby Food,8/7/2016,689975583,8/12/2016,7963,255.28,159.42
Office Supplies,1/11/2011,759279143,2/18/2011,6426,651.21,524.96
Office Supplies,5/21/2014,133766114,6/12/2014,3221,651.21,524.96
Beverages,8/3/2013,329110324,9/2/2013,9913,47.45,31.79
Meat,10/5/2011,681298100,11/20/2011,103,421.89,364.69
Snacks,11/15/2016,596628272,12/30/2016,4419,152.58,97.44
Office Supplies,4/3/2015,901712167,4/17/2015,5523,651.21,524.96
Beverages,3/22/2013,693473613,4/21/2013,3107,47.45,31.79
Meat,8/2/2010,489148938,9/1/2010,8896,421.89,364.69
Household,1/5/2012,876286971,2/15/2012,1643,668.27,502.54
Personal Care,8/26/2015,262749040,8/30/2015,2135,81.73,56.67
Meat,12/9/2016,726708972,1/26/2017,8189,421.89,364.69
Vegetables,5/17/2012,366653096,5/31/2012,9654,154.06,90.93
Vegetables,11/17/2010,951380240,12/20/2010,3410,154.06,90.93
Cosmetics,11/13/2014,270001733,1/1/2015,8368,437.2,263.33
Beverages,6/16/2016,681941401,7/28/2016,470,47.45,31.79
Fruits,5/31/2016,566935575,6/7/2016,7690,9.33,6.92
Snacks,10/6/2012,175033080,11/5/2012,5033,152.58,97.44
Office Supplies,3/10/2012,276595246,3/15/2012,9535,651.21,524.96
Office Supplies,1/26/2011,812295901,2/13/2011,5263,651.21,524.96
Vegetables,6/2/2014,443121373,6/19/2014,8316,154.06,90.93
Personal Care,12/17/2016,600370490,1/25/2017,1824,81.73,56.67
Office Supplies,6/27/2014,535654580,7/29/2014,949,651.21,524.96
Cosmetics,3/17/2015,470897471,4/22/2015,7881,437.2,263.33
Beverages,4/3/2013,248335492,4/4/2013,6846,47.45,31.79
Clothes,3/8/2015,680517470,3/25/2015,9097,109.28,35.84
Personal Care,6/21/2013,400304734,7/29/2013,7921,81.73,56.67
Office Supplies,1/6/2013,810871112,1/8/2013,3636,651.21,524.96
*Cereal,3/17/2012,235702931,4/3/2012,8590,205.7,117.11
Office Supplies,4/18/2014,668599021,5/12/2014,2163,651.21,524.96
Baby Food,1/3/2016,123670709,2/1/2016,5766,255.28,159.42
Office Supplies,5/12/2011,285341823,6/8/2011,7841,651.21,524.96
Fruits,7/29/2010,658348691,8/22/2010,8862,9.33,6.92
Baby Food,8/2/2013,817740142,8/19/2013,6335,255.28,159.42
Beverages,10/23/2013,858877503,11/6/2013,9794,47.45,31.79
Vegetables,2/5/2017,947434604,2/19/2017,5808,154.06,90.93
Meat,3/20/2015,869397771,4/17/2015,2975,421.89,364.69
Personal Care,5/6/2012,481065833,5/8/2012,6925,81.73,56.67
Meat,9/30/2013,159050118,10/1/2013,5319,421.89,364.69
Office Supplies,5/20/2014,350274455,6/14/2014,2850,651.21,524.96
*Cereal,4/9/2010,221975171,5/17/2010,6241,205.7,117.11
Office Supplies,6/9/2017,811701095,7/19/2017,9247,651.21,524.96
*Cereal,2/8/2015,977313554,3/29/2015,7653,205.7,117.11
Snacks,1/25/2010,546986377,2/10/2010,4279,152.58,97.44
Fruits,3/7/2010,769205892,3/17/2010,3972,9.33,6.92
Clothes,1/3/2013,262770926,2/8/2013,8611,109.28,35.84
Snacks,3/6/2017,866792809,3/18/2017,,,
Beverages,1/9/2011,890695369,2/23/2011,5408,47.45,31.79
*Cereal,3/27/2014,964214932,3/31/2014,1480,205.7,117.11
Snacks,6/28/2013,887400329,8/17/2013,332,152.58,97.44
Beverages,9/4/2011,980612885,9/4/2011,3999,47.45,31.79
Clothes,7/14/2016,734526431,8/2/2016,1549,109.28,35.84
Baby Food,2/23/2014,160127294,3/23/2014,4079,255.28,159.42
Clothes,8/7/2010,238714301,9/13/2010,9721,109.28,35.84
Household,1/14/2013,671898782,2/6/2013,8635,668.27,502.54
Personal Care,9/30/2010,331604564,11/17/2010,8014,81.73,56.67
*Cereal,10/13/2016,410067975,11/20/2016,7081,205.7,117.11
Snacks,3/16/2011,369837844,3/23/2011,2091,152.58,97.44
Fruits,12/26/2012,193775498,1/31/2013,1331,9.33,6.92
Clothes,9/2/2015,835054767,10/9/2015,117,109.28,35.84
Household,11/11/2013,167161977,12/24/2013,5798,668.27,502.54
Vegetables,8/4/2014,633895957,8/22/2014,2755,154.06,90.93
Clothes,10/21/2010,699368035,12/7/2010,7398,109.28,35.84
Vegetables,6/13/2015,698002040,7/29/2015,3170,154.06,90.93
Snacks,3/29/2012,584534299,5/18/2012,5544,152.58,97.44
Vegetables,6/22/2012,384013640,7/19/2012,7025,154.06,90.93
Personal Care,5/10/2013,641801393,5/24/2013,2149,81.73,56.67
Personal Care,12/10/2016,173571383,1/11/2017,2484,81.73,56.67
Snacks,3/20/2011,115309941,4/6/2011,1629,152.58,97.44
Cosmetics,9/22/2011,773315894,11/4/2011,213,437.2,263.33
Beverages,5/11/2012,274200570,6/26/2012,897,47.45,31.79
Clothes,11/15/2011,414887797,11/17/2011,3374,109.28,35.84
Beverages,1/27/2010,812613904,1/29/2010,9367,47.45,31.79
Baby Food,8/17/2011,254927718,9/7/2011,7632,255.28,159.42
Beverages,9/6/2014,749690568,10/26/2014,8954,47.45,31.79
*Cereal,9/3/2014,775076282,9/19/2014,1150,205.7,117.11
Office Supplies,9/5/2015,229571187,9/18/2015,4071,651.21,524.96
Baby Food,6/20/2011,881974112,7/11/2011,,,
Snacks,1/12/2012,521396386,2/14/2012,1632,152.58,97.44
Household,1/23/2017,607261836,2/22/2017,1127,668.27,502.54
Vegetables,3/4/2012,419306790,3/12/2012,1052,154.06,90.93
Meat,7/18/2010,207580077,7/18/2010,6413,421.89,364.69
Snacks,4/12/2011,742443025,4/15/2011,4245,152.58,97.44
Snacks,10/3/2010,164569461,10/5/2010,8615,152.58,97.44
Baby Food,12/29/2013,734945714,2/12/2014,5624,255.28,159.42
Clothes,9/19/2015,284870612,10/7/2015,8399,109.28,35.84
Fruits,9/17/2011,765955483,10/7/2011,2104,9.33,6.92
Snacks,3/11/2010,600124156,4/21/2010,8929,152.58,97.44
Household,11/10/2012,529612958,12/11/2012,3098,668.27,502.54
Clothes,2/16/2011,466970717,3/18/2011,5867,109.28,35.84
Cosmetics,8/13/2012,845058763,9/22/2012,522,437.2,263.33
Snacks,8/28/2014,367050921,8/31/2014,7379,152.58,97.44
Office Supplies,8/19/2015,956433522,9/12/2015,8788,651.21,524.96
Beverages,3/20/2011,107005393,5/4/2011,4129,47.45,31.79
Beverages,4/16/2013,332877862,5/7/2013,4811,47.45,31.79
Baby Food,11/13/2015,618474757,12/31/2015,9279,255.28,159.42
Household,1/10/2014,468532407,2/11/2014,8006,668.27,502.54
Office Supplies,4/9/2015,358099639,4/29/2015,8496,651.21,524.96
Household,1/7/2013,382537782,1/27/2013,285,668.27,502.54
Personal Care,2/12/2013,707520663,3/15/2013,9942,81.73,56.67
Meat,11/28/2014,219034612,12/10/2014,6064,421.89,364.69
Meat,1/3/2015,573378455,1/17/2015,4281,421.89,364.69
Personal Care,2/3/2011,347163522,3/22/2011,2256,81.73,56.67
Snacks,4/9/2013,887313640,4/21/2013,4679,152.58,97.44
Cosmetics,7/26/2017,461065137,8/19/2017,8275,437.2,263.33
Fruits,4/15/2017,105966842,5/19/2017,6798,9.33,6.92
Baby Food,5/16/2014,479880082,5/23/2014,6035,255.28,159.42
Baby Food,8/12/2015,510978686,9/30/2015,8803,255.28,159.42
Snacks,9/20/2013,547748982,10/14/2013,9951,152.58,97.44
*Cereal,10/31/2013,108989799,12/9/2013,1358,205.7,117.11
*Cereal,7/30/2014,133812463,8/9/2014,6936,205.7,117.11
Fruits,11/12/2011,731640803,12/30/2011,7627,9.33,6.92
Snacks,3/25/2010,732211148,4/14/2010,6405,152.58,97.44
*Cereal,7/4/2011,835572326,8/8/2011,3274,205.7,117.11
Baby Food,1/1/2011,462085664,1/15/2011,271,255.28,159.42
Clothes,6/16/2016,902424991,7/4/2016,6463,109.28,35.84
Fruits,12/17/2013,367576634,1/5/2014,2949,9.33,6.92
Meat,3/1/2017,738839423,3/31/2017,7859,421.89,364.69
Baby Food,7/2/2010,817824685,7/27/2010,1353,255.28,159.42
Snacks,7/16/2013,376456248,8/1/2013,624,152.58,97.44
Office Supplies,8/16/2016,606970441,9/16/2016,4897,651.21,524.96
Meat,12/16/2014,971916091,1/19/2015,424,421.89,364.69
Office Supplies,5/14/2012,554154527,5/15/2012,5494,651.21,524.96
Household,7/18/2017,306859576,7/19/2017,5423,668.27,502.54
Personal Care,7/9/2017,803517568,7/21/2017,7559,81.73,56.67
Office Supplies,9/30/2011,887927329,10/2/2011,6283,651.21,524.96
Vegetables,11/24/2015,824200189,11/26/2015,8006,154.06,90.93
Office Supplies,8/14/2012,946759974,9/14/2012,6170,651.21,524.96
Clothes,12/6/2015,310343015,12/28/2015,6249,109.28,35.84
Vegetables,5/25/2014,739998137,7/9/2014,748,154.06,90.93
Beverages,10/18/2012,981086671,11/21/2012,4203,47.45,31.79
Office Supplies,3/13/2013,749282443,3/25/2013,8180,651.21,524.96
Office Supplies,2/23/2011,280571782,3/11/2011,6280,651.21,524.96
Household,8/15/2014,781253516,9/1/2014,9131,668.27,502.54
Personal Care,7/6/2017,377938973,7/11/2017,9396,81.73,56.67
Clothes,12/31/2010,867551982,1/3/2011,6765,109.28,35.84
Personal Care,1/13/2010,967328870,1/15/2010,2964,81.73,56.67
Office Supplies,9/17/2011,364818465,10/16/2011,6746,651.21,524.96
Office Supplies,3/8/2014,167882096,3/31/2014,8898,651.21,524.96
Clothes,11/18/2012,654693591,12/1/2012,7237,109.28,35.84
Personal Care,11/18/2011,823739278,12/29/2011,1612,81.73,56.67
Beverages,7/12/2012,643817985,8/19/2012,8904,47.45,31.79
Personal Care,3/30/2017,604041039,5/15/2017,8022,81.73,56.67
Personal Care,7/26/2010,363832271,9/12/2010,4909,81.73,56.67
Personal Care,12/24/2015,102928006,1/31/2016,7539,81.73,56.67
Office Supplies,5/15/2016,971377074,5/15/2016,917,651.21,524.96
Meat,11/3/2010,139540803,12/4/2010,2079,421.89,364.69
Meat,12/1/2010,248093020,12/16/2010,5093,421.89,364.69
Snacks,1/16/2014,858020055,1/17/2014,6056,152.58,97.44
Baby Food,12/11/2014,700620734,1/5/2015,8099,255.28,159.42
Cosmetics,12/24/2016,827506387,1/30/2017,6384,437.2,263.33
Household,3/21/2013,560600841,4/14/2013,3101,668.27,502.54
Personal Care,12/8/2012,642140424,1/16/2013,2476,81.73,56.67
Baby Food,2/13/2015,984673964,3/5/2015,5763,255.28,159.42
Beverages,3/28/2012,221062791,4/18/2012,6247,47.45,31.79
Vegetables,10/7/2016,654480731,11/8/2016,4247,154.06,90.93
Beverages,12/15/2011,608414113,12/23/2011,2111,47.45,31.79
Household,3/8/2016,276661765,4/20/2016,9219,668.27,502.54
Baby Food,1/18/2011,373335015,2/28/2011,6982,255.28,159.42
Clothes,4/11/2013,782857692,5/28/2013,3843,109.28,35.84
Fruits,5/18/2010,109966123,6/5/2010,274,9.33,6.92
*Cereal,6/5/2017,629709136,6/6/2017,3782,205.7,117.11
Personal Care,9/11/2012,637448060,9/15/2012,3901,81.73,56.67
Baby Food,3/8/2017,298856723,4/3/2017,7200,255.28,159.42
Household,1/28/2015,299921452,2/23/2015,2278,668.27,502.54
Personal Care,7/26/2010,496941077,7/29/2010,4763,81.73,56.67
Snacks,6/24/2016,366526925,7/14/2016,2317,152.58,97.44
Meat,8/18/2012,355602824,9/15/2012,9633,421.89,364.69
Vegetables,3/11/2010,531405103,4/19/2010,3434,154.06,90.93
Vegetables,1/14/2010,131482589,1/20/2010,7475,154.06,90.93
*Cereal,2/10/2014,713696610,3/28/2014,7542,205.7,117.11
Vegetables,1/21/2014,306220996,1/30/2014,6452,154.06,90.93
Household,2/28/2010,157542073,3/15/2010,9055,668.27,502.54
Personal Care,2/18/2015,686458671,3/8/2015,7230,81.73,56.67
Office Supplies,6/14/2012,132082116,7/22/2012,4888,651.21,524.96
Clothes,3/5/2013,403836238,4/3/2013,2972,109.28,35.84
Household,4/10/2014,331457364,4/23/2014,4455,668.27,502.54
Meat,7/26/2017,614994323,9/12/2017,9341,421.89,364.69
Fruits,10/19/2010,674808442,10/24/2010,9669,9.33,6.92
Baby Food,11/8/2016,901573550,12/23/2016,4503,255.28,159.42
Clothes,3/31/2014,406275975,5/10/2014,4944,109.28,35.84
Vegetables,8/18/2016,170214545,8/19/2016,9121,154.06,90.93
Personal Care,1/3/2016,795000588,1/8/2016,7196,81.73,56.67
Fruits,10/21/2016,252557933,11/4/2016,6360,9.33,6.92
Baby Food,12/10/2016,635122907,12/13/2016,5837,255.28,159.42
Vegetables,8/12/2011,505244338,9/19/2011,1882,154.06,90.93
Clothes,3/23/2012,745783555,5/9/2012,2782,109.28,35.84
Snacks,4/27/2012,509914386,6/11/2012,3853,152.58,97.44
Household,1/29/2014,371123158,2/9/2014,2445,668.27,502.54
Household,12/13/2016,973208701,12/28/2016,2936,668.27,502.54
Baby Food,11/21/2013,780282342,12/27/2013,1739,255.28,159.42
Clothes,4/7/2010,126767909,5/22/2010,2296,109.28,35.84
Baby Food,7/8/2012,767401731,7/30/2012,80,255.28,159.42
Personal Care,10/15/2016,927232635,11/24/2016,7597,81.73,56.67
Meat,9/18/2012,251621949,10/20/2012,9381,421.89,364.69
Office Supplies,7/2/2017,256243503,7/23/2017,7002,651.21,524.96
Cosmetics,7/21/2011,277083623,9/2/2011,4056,437.2,263.33
Vegetables,6/1/2010,620441138,6/22/2010,1175,154.06,90.93
Office Supplies,7/26/2015,312927377,9/7/2015,1020,651.21,524.96
Baby Food,8/6/2010,251466166,9/8/2010,3282,255.28,159.42
Office Supplies,6/20/2010,953293836,7/22/2010,9685,651.21,524.96
*Cereal,4/8/2012,305959212,4/23/2012,8985,205.7,117.11
*Cereal,2/27/2014,317323625,3/24/2014,1967,205.7,117.11
Household,7/25/2011,365560901,9/1/2011,6449,668.27,502.54
Baby Food,2/18/2016,349157369,4/5/2016,2279,255.28,159.42
Baby Food,1/24/2014,236911857,2/25/2014,6338,255.28,159.42
Personal Care,5/10/2015,517935693,6/16/2015,7536,81.73,56.67
Clothes,2/13/2012,851652705,3/27/2012,1816,109.28,35.84
*Cereal,9/7/2012,517799222,10/23/2012,7151,205.7,117.11
Office Supplies,2/4/2015,666424071,3/4/2015,8547,651.21,524.96
Fruits,11/16/2010,267888581,12/22/2010,3039,9.33,6.92
Vegetables,7/20/2011,162866580,7/26/2011,4695,154.06,90.93
Beverages,7/26/2014,812344396,8/30/2014,9614,47.45,31.79
Meat,8/24/2014,947620856,9/3/2014,924,421.89,364.69
Vegetables,2/25/2015,720307290,3/28/2015,3789,154.06,90.93
Household,9/21/2016,352327525,10/27/2016,399,668.27,502.54
Household,6/28/2013,585917890,7/23/2013,4979,668.27,502.54
Meat,1/5/2012,433627212,2/13/2012,8783,421.89,364.69
Beverages,5/1/2012,328316819,5/30/2012,5098,47.45,31.79
*Cereal,10/13/2011,773160541,11/21/2011,4240,205.7,117.11
Household,4/27/2016,991644704,5/18/2016,8559,668.27,502.54
Meat,1/19/2014,277568137,2/7/2014,7435,421.89,364.69
Fruits,11/6/2016,245042169,12/15/2016,2278,9.33,6.92
Household,2/28/2011,778490626,3/24/2011,1531,668.27,502.54
Baby Food,10/11/2014,482649838,11/13/2014,5668,255.28,159.42
Beverages,6/25/2012,732568633,7/5/2012,2193,47.45,31.79
Household,11/6/2012,723608338,11/23/2012,642,668.27,502.54
Household,2/24/2014,621442782,4/14/2014,7584,668.27,502.54
Baby Food,9/19/2015,212058293,10/6/2015,1616,255.28,159.42
Snacks,3/4/2014,251753699,3/24/2014,8369,152.58,97.44
Fruits,10/8/2014,217140328,10/30/2014,5503,9.33,6.92
Vegetables,6/19/2012,555142009,7/10/2012,7712,154.06,90.93
Clothes,11/11/2010,432995069,12/13/2010,1718,109.28,35.84
Personal Care,11/1/2010,888248336,11/7/2010,1276,81.73,56.67
Vegetables,4/28/2014,778763139,5/9/2014,2173,154.06,90.93
Snacks,12/22/2012,832713305,2/9/2013,7227,152.58,97.44
Household,8/25/2014,498585164,9/29/2014,1285,668.27,502.54
Fruits,11/26/2016,195177543,12/23/2016,6227,9.33,6.92
*Cereal,10/20/2010,861601769,12/2/2010,5965,205.7,117.11
Meat,12/18/2014,807281672,1/26/2015,1441,421.89,364.69
Clothes,3/20/2011,661953580,4/24/2011,5629,109.28,35.84
Cosmetics,7/12/2016,225666320,8/21/2016,8534,437.2,263.33
Household,1/26/2011,718781220,2/19/2011,2191,668.27,502.54
Office Supplies,2/24/2010,731972110,4/15/2010,5668,651.21,524.96
Vegetables,1/2/2015,276225316,2/9/2015,64,154.06,90.93
Office Supplies,7/26/2016,332839667,7/27/2016,3509,651.21,524.96
Vegetables,6/1/2014,603426492,6/15/2014,6163,154.06,90.93
Beverages,12/21/2012,859909617,1/29/2013,5220,47.45,31.79
Household,2/27/2010,494525372,3/2/2010,9902,668.27,502.54
Vegetables,4/24/2016,769822585,5/15/2016,6465,154.06,90.93
Vegetables,7/22/2012,768662583,8/10/2012,3195,154.06,90.93
*Cereal,2/22/2015,544219195,3/9/2015,5409,205.7,117.11
Beverages,2/10/2011,669978749,3/20/2011,455,47.45,31.79
Cosmetics,1/21/2015,889740073,1/26/2015,2715,437.2,263.33
Beverages,5/10/2012,567614495,6/28/2012,8598,47.45,31.79
Vegetables,12/16/2015,938025844,1/21/2016,1547,154.06,90.93
Vegetables,2/25/2017,155710446,2/25/2017,7036,154.06,90.93
Baby Food,1/31/2012,945717132,2/13/2012,7570,255.28,159.42
Cosmetics,2/7/2013,253407227,2/15/2013,7685,437.2,263.33
Household,9/14/2014,494454562,9/22/2014,8948,668.27,502.54
*Cereal,6/5/2012,104845464,7/24/2012,4957,205.7,117.11
Cosmetics,4/5/2014,290878760,4/7/2014,6344,437.2,263.33
Office Supplies,2/2/2014,979165780,2/10/2014,5768,651.21,524.96
Office Supplies,9/1/2010,366630351,10/12/2010,2923,651.21,524.96
Office Supplies,5/17/2011,770508801,6/25/2011,9532,651.21,524.96
Beverages,4/21/2013,978349959,5/21/2013,4349,47.45,31.79
Beverages,8/10/2014,298015153,8/14/2014,8161,47.45,31.79
Snacks,9/19/2010,807678210,10/30/2010,8786,152.58,97.44
Personal Care,4/13/2013,605825459,5/14/2013,6071,81.73,56.67
Fruits,1/28/2016,561255729,2/1/2016,6897,9.33,6.92
Clothes,12/9/2013,263080346,12/14/2013,175,109.28,35.84
*Cereal,2/21/2014,270723140,3/9/2014,1848,205.7,117.11
Clothes,6/9/2017,763920438,7/10/2017,9888,109.28,35.84
Household,4/17/2014,192721068,5/20/2014,9302,668.27,502.54
Fruits,5/20/2011,227486360,6/8/2011,7124,9.33,6.92
Vegetables,8/28/2012,808890140,9/22/2012,7422,154.06,90.93
Cosmetics,7/25/2015,597918736,9/11/2015,6296,437.2,263.33
Cosmetics,10/27/2014,125870978,11/20/2014,6874,437.2,263.33
Household,10/18/2013,444358193,10/21/2013,4319,668.27,502.54
Beverages,2/15/2013,875304210,3/12/2013,822,47.45,31.79
Baby Food,7/8/2014,360945355,8/16/2014,607,255.28,159.42
*Cereal,12/12/2016,613830459,1/16/2017,4928,205.7,117.11
*Cereal,11/24/2012,266820847,12/10/2012,7073,205.7,117.11
Baby Food,11/3/2014,723090350,11/27/2014,7358,255.28,159.42
Meat,8/3/2013,306125295,8/15/2013,8132,421.89,364.69
Personal Care,5/23/2012,109724509,6/16/2012,8775,81.73,56.67
Clothes,7/22/2015,847999322,8/6/2015,699,109.28,35.84
Clothes,2/1/2017,605373561,3/2/2017,2344,109.28,35.84
Beverages,1/28/2012,686583554,2/22/2012,4186,47.45,31.79
Beverages,8/3/2015,666678130,9/21/2015,3729,47.45,31.79
Baby Food,6/23/2013,641018617,6/30/2013,508,255.28,159.42
Meat,8/3/2011,775278842,9/22/2011,1093,421.89,364.69
Meat,10/30/2016,855445134,12/6/2016,4080,421.89,364.69
Vegetables,9/5/2010,737816321,9/21/2010,5100,154.06,90.93
Beverages,7/13/2013,799003732,7/14/2013,1815,47.45,31.79
Vegetables,10/9/2012,585931193,11/21/2012,8916,154.06,90.93
Vegetables,1/3/2012,165835034,1/5/2012,3127,154.06,90.93
Baby Food,2/8/2012,576264083,3/14/2012,8203,255.28,159.42
Clothes,1/3/2015,675079667,1/7/2015,9930,109.28,35.84
Personal Care,5/13/2012,290455615,5/28/2012,1126,81.73,56.67
Snacks,1/13/2012,670878255,2/15/2012,6639,152.58,97.44
*Cereal,7/30/2011,435146415,8/12/2011,8349,205.7,117.11
Snacks,3/13/2017,522371423,4/8/2017,167,152.58,97.44
Office Supplies,3/23/2017,141977107,4/18/2017,3036,651.21,524.96
Baby Food,3/16/2016,823699796,4/19/2016,9929,255.28,159.42
Beverages,12/18/2015,567588317,12/26/2015,851,47.45,31.79
Fruits,10/25/2011,594003999,11/16/2011,7838,9.33,6.92
Baby Food,6/30/2011,393620669,8/2/2011,9958,255.28,159.42
Cosmetics,3/27/2016,877424657,4/10/2016,8309,437.2,263.33
Household,12/23/2016,326714789,1/21/2017,1021,668.27,502.54
Fruits,4/18/2013,243102395,4/18/2013,8256,9.33,6.92
Household,3/8/2017,398511302,4/20/2017,7205,668.27,502.54
Personal Care,6/3/2011,185177838,7/4/2011,7092,81.73,56.67
Personal Care,11/30/2013,865650832,12/31/2013,4173,81.73,56.67
*Cereal,5/11/2013,622791612,5/31/2013,6733,205.7,117.11
Personal Care,11/13/2010,409774005,11/27/2010,89,81.73,56.67
Office Supplies,3/9/2016,800084340,4/21/2016,1591,651.21,524.96
Snacks,8/19/2013,637521445,9/12/2013,5618,152.58,97.44
Beverages,4/19/2011,186196649,5/28/2011,8581,47.45,31.79
Baby Food,7/20/2014,680533778,7/25/2014,3923,255.28,159.42
Beverages,9/8/2014,275269162,9/15/2014,7117,47.45,31.79
Household,6/4/2015,795451629,6/19/2015,668,668.27,502.54
*Cereal,12/19/2013,986442506,1/1/2014,9113,205.7,117.11
*Cereal,5/18/2012,563915622,6/10/2012,4019,205.7,117.11
Cosmetics,10/12/2013,663857305,11/13/2013,8984,437.2,263.33
Fruits,1/2/2011,692566382,1/14/2011,4638,9.33,6.92
Household,2/2/2013,576654183,2/3/2013,3642,668.27,502.54
Baby Food,3/19/2011,313044536,4/14/2011,5689,255.28,159.42
Personal Care,10/3/2012,418973767,10/27/2012,2503,81.73,56.67
Beverages,10/23/2014,581990706,11/15/2014,2838,47.45,31.79
Baby Food,7/12/2015,109956681,7/24/2015,7480,255.28,159.42
*Cereal,5/6/2010,181045520,5/27/2010,4247,205.7,117.11
Vegetables,11/27/2010,693743550,1/9/2011,2988,154.06,90.93
Clothes,12/26/2010,716849601,12/31/2010,582,109.28,35.84
Cosmetics,12/30/2012,739474999,1/1/2013,5940,437.2,263.33
Personal Care,8/21/2016,421043574,9/7/2016,5005,81.73,56.67
Personal Care,2/3/2015,841291654,3/20/2015,5751,81.73,56.67
*Cereal,12/19/2013,450268065,1/4/2014,3181,205.7,117.11
Meat,5/12/2012,918334138,6/12/2012,4334,421.89,364.69
Meat,3/28/2014,386163699,4/19/2014,3275,421.89,364.69
Personal Care,1/11/2017,214743077,2/18/2017,6103,81.73,56.67
Baby Food,6/21/2015,935371100,7/6/2015,5949,255.28,159.42
Cosmetics,11/29/2012,899659097,12/3/2012,7974,437.2,263.33
Vegetables,1/1/2010,329530894,2/13/2010,4369,154.06,90.93
Meat,1/6/2016,867222821,2/6/2016,9359,421.89,364.69
Beverages,10/14/2014,625283706,10/23/2014,4199,47.45,31.79
Office Supplies,12/9/2013,936574876,1/9/2014,2173,651.21,524.96
*Cereal,10/19/2010,504270160,11/25/2010,3601,205.7,117.11
Personal Care,5/2/2011,351855885,6/2/2011,830,81.73,56.67
Snacks,3/17/2011,673130881,3/23/2011,3241,152.58,97.44
Office Supplies,9/24/2014,382206475,10/13/2014,2244,651.21,524.96
*Cereal,12/1/2015,263506495,12/14/2015,6283,205.7,117.11
*Cereal,6/2/2017,721767270,7/18/2017,5829,205.7,117.11
Cosmetics,8/4/2011,432037627,8/18/2011,8390,437.2,263.33
Meat,7/29/2014,389678895,8/24/2014,3499,421.89,364.69
Meat,1/26/2017,760364902,2/24/2017,7726,421.89,364.69
Fruits,11/5/2010,430081975,12/9/2010,9669,9.33,6.92
Baby Food,3/26/2015,155128943,5/5/2015,4957,255.28,159.42
Clothes,10/7/2012,312117135,10/16/2012,1251,109.28,35.84
Meat,7/22/2013,447970378,9/2/2013,3245,421.89,364.69
Cosmetics,8/16/2013,629925000,8/18/2013,7661,437.2,263.33
Personal Care,11/5/2013,995529830,12/17/2013,8254,81.73,56.67
Office Supplies,3/1/2016,402646195,3/28/2016,812,651.21,524.96
Meat,3/25/2012,479447925,4/4/2012,8150,421.89,364.69
Cosmetics,6/20/2017,674421346,6/29/2017,5118,437.2,263.33
Cosmetics,4/18/2014,506365287,5/16/2014,3596,437.2,263.33
Clothes,6/28/2016,914391076,8/4/2016,7494,109.28,35.84
Meat,5/20/2012,207922542,7/1/2012,7755,421.89,364.69
Office Supplies,2/4/2014,816696012,2/16/2014,7353,651.21,524.96
Beverages,11/15/2015,740760314,11/21/2015,6293,47.45,31.79
Baby Food,1/11/2013,300476777,2/28/2013,6610,255.28,159.42
Snacks,4/24/2013,786519229,6/7/2013,7373,152.58,97.44
Cosmetics,5/15/2010,409873998,6/3/2010,9679,437.2,263.33
Cosmetics,4/17/2010,151839911,5/22/2010,1659,437.2,263.33
Vegetables,8/25/2012,614028298,9/9/2012,3473,154.06,90.93
Household,4/19/2014,668362987,5/13/2014,2315,668.27,502.54
Household,2/26/2013,607080304,4/5/2013,7408,668.27,502.54
Baby Food,12/28/2011,792729079,1/17/2012,5006,255.28,159.42
Baby Food,8/21/2014,308170640,10/10/2014,3395,255.28,159.42
Vegetables,8/21/2014,106578814,10/2/2014,7894,154.06,90.93
*Cereal,3/2/2014,761439931,3/28/2014,5851,205.7,117.11
Household,9/6/2012,216552817,9/27/2012,1646,668.27,502.54
Fruits,9/16/2010,536028802,9/22/2010,1689,9.33,6.92
Beverages,8/13/2013,254291713,8/15/2013,9424,47.45,31.79
Personal Care,9/11/2012,226077878,10/23/2012,323,81.73,56.67
Office Supplies,8/31/2011,476436126,10/15/2011,6892,651.21,524.96
Cosmetics,4/21/2015,650727784,6/6/2015,3667,437.2,263.33
Household,7/11/2010,464626681,7/27/2010,2215,668.27,502.54
Meat,8/9/2015,154119145,9/21/2015,6135,421.89,364.69
Meat,10/17/2015,925504004,12/6/2015,6057,421.89,364.69
*Cereal,7/24/2012,905392587,8/16/2012,4641,205.7,117.11
Snacks,3/25/2012,990708720,5/4/2012,1581,152.58,97.44
Baby Food,8/11/2014,798688733,9/18/2014,8600,255.28,159.42
*Cereal,10/15/2016,916881453,11/28/2016,4452,205.7,117.11
Cosmetics,12/3/2016,653148210,1/21/2017,9924,437.2,263.33
Personal Care,6/12/2010,285662829,7/13/2010,2834,81.73,56.67
Vegetables,7/29/2016,612911641,8/31/2016,3030,154.06,90.93
Office Supplies,12/9/2013,703693473,1/12/2014,7391,651.21,524.96
Clothes,7/12/2012,147119653,8/9/2012,4829,109.28,35.84
Fruits,1/14/2012,402614009,3/2/2012,1287,9.33,6.92
Personal Care,3/20/2013,749912869,4/25/2013,4738,81.73,56.67
Household,2/10/2014,539065062,3/10/2014,186,668.27,502.54
Snacks,10/26/2013,540431916,11/15/2013,4668,152.58,97.44
Beverages,4/16/2016,694687259,6/2/2016,2252,47.45,31.79
Cosmetics,5/27/2011,562817418,6/2/2011,9036,437.2,263.33
*Cereal,8/4/2016,676121222,9/9/2016,8149,205.7,117.11
Snacks,7/3/2012,286210000,8/5/2012,4754,152.58,97.44
Beverages,12/4/2014,515007579,1/11/2015,1042,47.45,31.79
Cosmetics,5/31/2010,304750287,6/1/2010,1237,437.2,263.33
Beverages,2/5/2013,467986953,2/17/2013,6594,47.45,31.79
Beverages,6/15/2015,537578904,7/9/2015,399,47.45,31.79
Vegetables,10/21/2014,116699969,11/18/2014,2969,154.06,90.93
Snacks,2/13/2017,228836476,3/13/2017,6653,152.58,97.44
Vegetables,6/29/2010,167787253,7/16/2010,832,154.06,90.93
Vegetables,5/19/2014,647663629,5/20/2014,6915,154.06,90.93
Meat,3/21/2015,652889430,4/15/2015,3346,421.89,364.69
Office Supplies,8/31/2015,588200986,10/15/2015,598,651.21,524.96
Personal Care,8/23/2015,928647124,8/30/2015,6176,81.73,56.67
Cosmetics,2/24/2016,869589173,3/17/2016,9615,437.2,263.33
Household,6/17/2015,576700961,7/23/2015,7485,668.27,502.54
*Cereal,11/27/2012,735968816,12/6/2012,8382,205.7,117.11
Snacks,9/7/2012,303691565,10/19/2012,7938,152.58,97.44
Clothes,6/23/2012,556480538,8/7/2012,3812,109.28,35.84
Beverages,10/23/2014,141259562,11/11/2014,698,47.45,31.79
Cosmetics,9/18/2015,925264966,10/18/2015,5320,437.2,263.33
Office Supplies,1/24/2016,346045577,2/20/2016,1431,651.21,524.96
Fruits,3/23/2010,861462724,4/19/2010,4818,9.33,6.92
Personal Care,7/26/2012,499690234,8/28/2012,8299,81.73,56.67
Clothes,10/20/2015,509214437,11/2/2015,6722,109.28,35.84
Office Supplies,6/27/2017,408834159,7/18/2017,1968,651.21,524.96
Beverages,4/4/2016,237660729,4/30/2016,7946,47.45,31.79
Clothes,8/5/2015,105117976,9/9/2015,5600,109.28,35.84
*Cereal,6/16/2012,640942227,7/4/2012,7903,205.7,117.11
Cosmetics,4/3/2016,745182311,5/5/2016,4860,437.2,263.33
Baby Food,9/21/2014,738199555,9/21/2014,8508,255.28,159.42
Snacks,8/8/2015,110667788,9/10/2015,7913,152.58,97.44
Office Supplies,7/19/2012,673573338,7/20/2012,4174,651.21,524.96
Snacks,8/26/2011,708215034,9/13/2011,5421,152.58,97.44
Household,6/23/2012,816204202,7/1/2012,1816,668.27,502.54
Beverages,11/20/2011,769464671,12/24/2011,550,47.45,31.79
Beverages,5/13/2015,860232770,6/4/2015,848,47.45,31.79
Personal Care,7/16/2010,551057326,8/22/2010,8963,81.73,56.67
Cosmetics,5/21/2016,724799668,5/27/2016,3183,437.2,263.33
Cosmetics,4/22/2011,534633624,6/8/2011,8825,437.2,263.33
Beverages,8/14/2012,554045522,9/20/2012,3237,47.45,31.79
Clothes,3/17/2012,526834189,5/2/2012,799,109.28,35.84
Household,8/6/2010,717110955,8/9/2010,7922,668.27,502.54
Baby Food,2/25/2013,559299647,3/26/2013,8049,255.28,159.42
Meat,3/6/2011,908136594,3/10/2011,6654,421.89,364.69
Office Supplies,12/14/2015,888670623,12/16/2015,6240,651.21,524.96
Office Supplies,2/10/2017,146263062,2/16/2017,1345,651.21,524.96
Office Supplies,9/20/2016,196587741,10/28/2016,3536,651.21,524.96
Baby Food,4/30/2010,375630986,6/2/2010,6411,255.28,159.42
Beverages,6/25/2013,989691627,7/10/2013,600,47.45,31.79
Household,7/4/2012,165380990,7/27/2012,8765,668.27,502.54
Snacks,9/21/2013,599622905,10/22/2013,597,152.58,97.44
Personal Care,12/8/2016,109653699,1/6/2017,7821,81.73,56.67
Meat,9/2/2011,183022201,10/15/2011,9191,421.89,364.69
Personal Care,3/21/2011,127589738,4/2/2011,5494,81.73,56.67
Fruits,1/8/2011,221530139,1/26/2011,4546,9.33,6.92
Office Supplies,2/22/2015,363329732,2/22/2015,6197,651.21,524.96
Fruits,5/15/2017,521787345,6/25/2017,7325,9.33,6.92
Meat,7/14/2012,286014306,8/15/2012,6844,421.89,364.69
*Cereal,6/25/2015,215434443,6/30/2015,694,205.7,117.11
Snacks,10/26/2011,489784085,11/1/2011,6850,152.58,97.44
Office Supplies,9/24/2014,459112060,10/12/2014,316,651.21,524.96
Office Supplies,9/30/2015,893779695,11/7/2015,8128,651.21,524.96
Meat,3/31/2011,834460818,3/31/2011,4355,421.89,364.69
Beverages,10/25/2013,742141759,10/28/2013,5093,47.45,31.79
Vegetables,8/12/2010,248121345,9/14/2010,3475,154.06,90.93
Clothes,7/26/2012,404010903,9/4/2012,4659,109.28,35.84
Household,9/30/2012,531734263,10/12/2012,840,668.27,502.54
Baby Food,11/9/2012,473527753,12/29/2012,6240,255.28,159.42
*Cereal,11/19/2011,141940200,1/2/2012,2114,205.7,117.11
Household,6/9/2017,869832932,7/25/2017,1749,668.27,502.54
Snacks,9/17/2011,460379779,11/4/2011,5462,152.58,97.44
Vegetables,10/23/2015,837067067,10/26/2015,5602,154.06,90.93
Beverages,4/3/2010,393693625,4/9/2010,1547,47.45,31.79
Vegetables,7/3/2014,744370782,7/14/2014,4711,154.06,90.93
Cosmetics,12/30/2014,873522365,1/13/2015,3534,437.2,263.33
Beverages,5/19/2014,285884702,6/10/2014,8491,47.45,31.79
Cosmetics,8/4/2012,356506621,9/3/2012,7086,437.2,263.33
Baby Food,8/15/2010,280749452,10/1/2010,8856,255.28,159.42
Baby Food,4/26/2014,224287021,5/17/2014,368,255.28,159.42
Fruits,6/10/2015,873105657,6/23/2015,221,9.33,6.92
Snacks,8/12/2010,283504188,9/2/2010,4044,152.58,97.44
Beverages,8/28/2012,632093942,9/5/2012,9499,47.45,31.79
Meat,7/15/2016,565798747,8/9/2016,1277,421.89,364.69
Vegetables,9/14/2010,151854932,10/19/2010,6104,154.06,90.93
Vegetables,3/7/2011,427811324,4/16/2011,7733,154.06,90.93
Fruits,4/30/2012,251529252,5/5/2012,1950,9.33,6.92
Snacks,5/18/2013,351182544,6/22/2013,1574,152.58,97.44
Meat,8/10/2014,175257527,9/25/2014,1452,421.89,364.69
Snacks,7/31/2013,142553031,9/11/2013,3465,152.58,97.44
Fruits,7/2/2016,292180383,8/15/2016,1523,9.33,6.92
Fruits,9/13/2011,733563411,9/20/2011,6569,9.33,6.92
Beverages,4/18/2011,296438443,4/19/2011,1578,47.45,31.79
Meat,2/9/2017,580854308,3/18/2017,6552,421.89,364.69
Cosmetics,11/20/2016,107172334,12/23/2016,3530,437.2,263.33
Baby Food,10/16/2010,166066348,12/5/2010,1578,255.28,159.42
Snacks,3/15/2015,768522679,3/27/2015,1794,152.58,97.44
Household,6/25/2013,195840156,7/25/2013,2309,668.27,502.54
Cosmetics,10/11/2012,849630105,11/9/2012,3284,437.2,263.33
Fruits,7/8/2017,701816356,7/30/2017,1910,9.33,6.92
Office Supplies,6/22/2010,944635236,7/27/2010,7413,651.21,524.96
Vegetables,2/17/2017,140635573,3/21/2017,6046,154.06,90.93
Meat,1/14/2011,972678697,2/25/2011,6096,421.89,364.69
Fruits,1/9/2016,793938434,2/8/2016,2880,9.33,6.92
Baby Food,7/18/2011,177901113,8/13/2011,3747,255.28,159.42
Beverages,3/16/2012,668365561,5/4/2012,3077,47.45,31.79
Vegetables,12/15/2010,729443109,1/12/2011,7281,154.06,90.93
Fruits,3/2/2013,695557582,4/3/2013,9800,9.33,6.92
Household,2/17/2010,521445310,4/4/2010,6110,668.27,502.54
Personal Care,2/19/2013,232155120,3/30/2013,8714,81.73,56.67
Beverages,10/28/2011,373048341,12/12/2011,2149,47.45,31.79
Office Supplies,10/26/2015,659798800,12/2/2015,7982,651.21,524.96
Household,2/5/2013,428392827,2/5/2013,9812,668.27,502.54
Personal Care,8/25/2011,885129249,9/3/2011,8269,81.73,56.67
Meat,12/4/2012,156619393,12/5/2012,6014,421.89,364.69
Baby Food,9/8/2015,939787089,9/9/2015,2739,255.28,159.42
Vegetables,3/1/2012,151868665,4/19/2012,168,154.06,90.93
*Cereal,8/5/2014,180412948,8/24/2014,7055,205.7,117.11
Fruits,7/24/2013,333281266,7/28/2013,4188,9.33,6.92
Cosmetics,1/26/2012,888647449,2/28/2012,9383,437.2,263.33
Clothes,3/10/2014,844997823,4/26/2014,2488,109.28,35.84
Fruits,9/12/2013,171131217,10/8/2013,385,9.33,6.92
Office Supplies,1/5/2013,256158959,1/18/2013,1983,651.21,524.96
Cosmetics,10/28/2011,759504878,12/8/2011,3226,437.2,263.33
Fruits,11/21/2010,960905301,11/25/2010,2087,9.33,6.92
Office Supplies,10/28/2015,210409057,12/4/2015,3570,651.21,524.96
Cosmetics,7/29/2010,178377473,9/1/2010,4713,437.2,263.33
Fruits,3/30/2014,805484378,5/1/2014,9582,9.33,6.92
Beverages,9/14/2016,752716100,10/12/2016,4276,47.45,31.79
Clothes,9/6/2012,551371467,9/15/2012,1925,109.28,35.84
Snacks,2/8/2013,353061807,3/5/2013,7689,152.58,97.44
Personal Care,1/17/2011,379710948,1/30/2011,3762,81.73,56.67
*Cereal,10/11/2015,473555219,11/6/2015,4368,205.7,117.11
Office Supplies,2/21/2011,547143447,2/23/2011,760,651.21,524.96
Personal Care,4/29/2012,133336961,6/13/2012,6225,81.73,56.67
Meat,8/30/2016,635309588,10/14/2016,1080,421.89,364.69
Beverages,12/20/2014,376547658,12/26/2014,7675,47.45,31.79
Clothes,6/28/2010,450849997,7/21/2010,5388,109.28,35.84
Personal Care,2/6/2015,672327935,2/6/2015,5631,81.73,56.67
*Cereal,3/30/2015,925405299,5/1/2015,6847,205.7,117.11
Household,7/28/2013,714818418,8/24/2013,9509,668.27,502.54
Beverages,1/6/2010,515616118,2/5/2010,1122,47.45,31.79
*Cereal,2/20/2013,423159730,4/11/2013,1222,205.7,117.11
Personal Care,8/25/2013,603123080,9/29/2013,6377,81.73,56.67
Meat,11/16/2010,841492497,12/31/2010,5185,421.89,364.69
*Cereal,8/2/2016,994566810,9/1/2016,3275,205.7,117.11
Vegetables,4/25/2013,538957345,4/25/2013,8310,154.06,90.93
Fruits,3/2/2011,821587932,3/11/2011,4981,9.33,6.92
Household,9/28/2013,109694898,10/16/2013,13,668.27,502.54
Meat,5/5/2014,340827071,6/5/2014,7159,421.89,364.69
Meat,11/28/2014,372845780,12/9/2014,2207,421.89,364.69
Fruits,8/30/2014,933924853,9/13/2014,7973,9.33,6.92
Office Supplies,11/20/2013,572550618,11/25/2013,9306,651.21,524.96
Meat,2/23/2010,607521903,4/5/2010,8086,421.89,364.69
Snacks,3/20/2017,177950036,4/29/2017,8225,152.58,97.44
Beverages,11/8/2015,293258845,11/14/2015,664,47.45,31.79
Beverages,8/9/2010,683184659,8/23/2010,8377,47.45,31.79
*Cereal,11/12/2010,247776305,11/30/2010,1370,205.7,117.11
Meat,12/14/2011,207395112,1/26/2012,1677,421.89,364.69
Vegetables,1/10/2014,952714908,2/25/2014,8367,154.06,90.93
Vegetables,10/3/2010,694722020,10/3/2010,2539,154.06,90.93
Household,10/15/2015,414715278,11/4/2015,2321,668.27,502.54
Snacks,7/20/2013,714306008,8/17/2013,7876,152.58,97.44
Snacks,1/19/2016,465418040,2/26/2016,6396,152.58,97.44
*Cereal,8/17/2013,860287702,9/11/2013,7103,205.7,117.11
Vegetables,8/16/2016,461463820,8/20/2016,6254,154.06,90.93
Baby Food,9/25/2013,151807725,9/29/2013,2134,255.28,159.42
Meat,8/21/2013,884493243,10/2/2013,61,421.89,364.69
Cosmetics,12/10/2010,533006703,1/23/2011,7383,437.2,263.33
Vegetables,9/4/2012,641146934,10/4/2012,8480,154.06,90.93
Cosmetics,10/15/2011,573025262,11/14/2011,9764,437.2,263.33
Household,8/26/2013,663065516,9/9/2013,4676,668.27,502.54
Beverages,2/17/2017,866004025,3/4/2017,8691,47.45,31.79
Baby Food,10/19/2010,306889617,10/21/2010,4312,255.28,159.42
Personal Care,7/30/2014,431083619,8/10/2014,6077,81.73,56.67
Personal Care,5/21/2015,954259860,6/4/2015,5553,81.73,56.67
Personal Care,5/5/2016,312404668,6/21/2016,6338,81.73,56.67
Office Supplies,4/14/2010,611816871,5/16/2010,9063,651.21,524.96
Office Supplies,10/26/2013,879107797,11/2/2013,6388,651.21,524.96
Vegetables,7/21/2010,211201274,9/9/2010,8005,154.06,90.93
Fruits,6/9/2015,925333631,7/25/2015,5639,9.33,6.92
Snacks,6/3/2010,909053695,6/27/2010,8044,152.58,97.44
Baby Food,5/17/2016,370222795,6/11/2016,6007,255.28,159.42
Cosmetics,8/3/2013,487014758,8/30/2013,7344,437.2,263.33
Vegetables,9/15/2013,257915914,10/6/2013,1905,154.06,90.93
Meat,7/2/2010,551725089,8/10/2010,6569,421.89,364.69
Meat,12/18/2013,957553613,1/10/2014,248,421.89,364.69
Office Supplies,3/19/2016,234825313,3/23/2016,8883,651.21,524.96
Snacks,6/9/2010,363276517,7/9/2010,449,152.58,97.44
Personal Care,5/21/2017,692956054,6/23/2017,9950,81.73,56.67
Cosmetics,6/12/2013,194225251,6/19/2013,4423,437.2,263.33
Fruits,2/22/2010,607757937,4/5/2010,7934,9.33,6.92
*Cereal,6/29/2012,594540441,7/30/2012,6583,205.7,117.11
Vegetables,3/23/2015,685871589,4/5/2015,3500,154.06,90.93
*Cereal,2/12/2014,133362710,3/23/2014,3844,205.7,117.11
Clothes,5/22/2017,958937633,7/5/2017,9810,109.28,35.84
Vegetables,8/6/2011,304832684,9/6/2011,5620,154.06,90.93
Baby Food,11/14/2010,783596694,12/24/2010,2530,255.28,159.42
Household,4/5/2015,128090989,4/27/2015,3825,668.27,502.54
Vegetables,7/8/2014,641489398,7/28/2014,9823,154.06,90.93
Clothes,8/9/2014,647278249,9/16/2014,2873,109.28,35.84
Clothes,3/13/2011,339256370,3/31/2011,2354,109.28,35.84
Baby Food,3/2/2016,431535089,3/19/2016,9677,255.28,159.42
*Cereal,12/19/2015,808538234,1/16/2016,3286,205.7,117.11
Personal Care,3/28/2013,975002133,4/7/2013,3653,81.73,56.67
Snacks,6/27/2015,505975615,7/4/2015,8283,152.58,97.44
Vegetables,2/18/2016,396820008,3/20/2016,6714,154.06,90.93
Vegetables,6/14/2013,813209140,7/10/2013,5511,154.06,90.93
Baby Food,5/10/2014,641129338,5/14/2014,3273,255.28,159.42
Meat,6/17/2015,636879432,7/3/2015,5632,421.89,364.69
Snacks,6/11/2014,277070748,7/2/2014,246,152.58,97.44
Cosmetics,11/3/2013,908627116,11/24/2013,1810,437.2,263.33
Cosmetics,4/2/2017,798784863,5/2/2017,7047,437.2,263.33
Beverages,5/28/2010,985092818,7/17/2010,9711,47.45,31.79
Snacks,5/22/2010,325412309,7/7/2010,5588,152.58,97.44
Beverages,6/2/2016,447917163,6/24/2016,7497,47.45,31.79
Meat,8/22/2013,801093709,10/5/2013,285,421.89,364.69
Fruits,10/5/2014,903740775,10/23/2014,5833,9.33,6.92
Meat,10/31/2010,794969689,11/13/2010,8052,421.89,364.69
Clothes,11/27/2012,584204280,1/1/2013,7884,109.28,35.84
*Cereal,5/22/2010,901180875,5/26/2010,8302,205.7,117.11
Snacks,8/31/2012,645948302,9/29/2012,9312,152.58,97.44
*Cereal,1/23/2015,138867890,2/22/2015,2950,205.7,117.11
Beverages,3/2/2010,670613467,3/21/2010,8282,47.45,31.79
Cosmetics,5/9/2014,452171361,5/27/2014,6409,437.2,263.33
Snacks,12/28/2010,464840400,2/5/2011,5459,152.58,97.44
Household,10/19/2014,410231912,10/24/2014,5594,668.27,502.54
Meat,1/21/2015,960269725,2/22/2015,4006,421.89,364.69
Beverages,4/4/2017,607190167,5/18/2017,9919,47.45,31.79
Meat,8/5/2016,613542068,8/11/2016,9587,421.89,364.69
Household,11/26/2016,962186753,1/12/2017,1297,668.27,502.54
Beverages,9/23/2011,806298053,10/24/2011,366,47.45,31.79
Personal Care,10/24/2010,719362294,12/3/2010,4144,81.73,56.67
Baby Food,8/14/2013,445178306,9/22/2013,7008,255.28,159.42
Cosmetics,2/4/2013,247857415,2/15/2013,5372,437.2,263.33
Vegetables,8/11/2014,461823451,9/4/2014,2677,154.06,90.93
Office Supplies,1/12/2017,141812741,1/24/2017,4396,651.21,524.96
Meat,7/3/2016,212874114,8/17/2016,3036,421.89,364.69
Office Supplies,3/27/2010,320368897,4/2/2010,3131,651.21,524.96
Beverages,6/5/2015,179970920,6/25/2015,6249,47.45,31.79
Household,6/27/2012,927666509,7/17/2012,5990,668.27,502.54
Office Supplies,12/19/2016,169754493,1/20/2017,2982,651.21,524.96
Personal Care,3/9/2015,532846200,4/20/2015,9886,81.73,56.67
Snacks,6/18/2013,213865458,7/13/2013,6397,152.58,97.44
Office Supplies,8/12/2011,630048596,9/3/2011,4236,651.21,524.96
Clothes,4/17/2014,568944442,4/24/2014,2158,109.28,35.84
Baby Food,2/3/2012,238414323,2/27/2012,951,255.28,159.42
Office Supplies,8/1/2015,816632068,9/19/2015,8431,651.21,524.96
Baby Food,9/11/2013,402084004,10/5/2013,4447,255.28,159.42
Snacks,5/8/2015,763568961,6/7/2015,5879,152.58,97.44
Snacks,5/22/2015,590198266,6/1/2015,1637,152.58,97.44
Snacks,7/3/2013,441395747,8/19/2013,7665,152.58,97.44
Personal Care,6/16/2010,496897733,7/21/2010,1936,81.73,56.67
Beverages,11/8/2011,106753051,11/14/2011,9455,47.45,31.79
Fruits,10/17/2016,941323029,10/27/2016,7258,9.33,6.92
Vegetables,2/2/2014,241281497,3/3/2014,9412,154.06,90.93
Meat,4/30/2016,267614781,5/12/2016,2016,421.89,364.69
Cosmetics,8/31/2010,651621711,10/16/2010,8200,437.2,263.33
Personal Care,8/8/2015,644913613,9/7/2015,3124,81.73,56.67
*Cereal,8/18/2016,469414317,8/19/2016,8983,205.7,117.11
Clothes,6/18/2015,867360150,7/1/2015,9998,109.28,35.84
Clothes,1/28/2011,851299941,2/1/2011,7425,109.28,35.84
Beverages,2/4/2011,854095017,3/4/2011,4550,47.45,31.79
Vegetables,11/3/2012,478919208,11/27/2012,1691,154.06,90.93
Clothes,9/18/2014,749258840,11/5/2014,1196,109.28,35.84
Baby Food,5/17/2012,958912742,6/28/2012,2444,255.28,159.42
Personal Care,2/20/2010,921992242,3/4/2010,6848,81.73,56.67
Vegetables,2/28/2017,522921168,3/2/2017,2849,154.06,90.93
Personal Care,5/17/2013,166435849,6/7/2013,921,81.73,56.67
Baby Food,11/9/2013,327585113,11/23/2013,8569,255.28,159.42
Clothes,1/10/2012,201730287,2/19/2012,5330,109.28,35.84
Fruits,9/24/2013,854545199,11/9/2013,7769,9.33,6.92
Personal Care,9/26/2010,272016179,11/8/2010,4487,81.73,56.67
*Cereal,10/21/2014,110442054,11/20/2014,1113,205.7,117.11
Household,1/17/2016,746434152,2/5/2016,5308,668.27,502.54
Vegetables,12/27/2016,826916301,1/7/2017,1764,154.06,90.93
Beverages,8/30/2013,419124829,9/19/2013,7206,47.45,31.79
Office Supplies,7/7/2014,560608565,8/24/2014,5387,651.21,524.96
Office Supplies,11/29/2013,109228837,12/7/2013,2095,651.21,524.96
Clothes,1/29/2011,693159472,2/5/2011,146,109.28,35.84
Snacks,11/13/2013,860886800,11/23/2013,4390,152.58,97.44
Fruits,4/9/2012,131209647,5/3/2012,6705,9.33,6.92
Office Supplies,6/28/2012,343239343,7/13/2012,1004,651.21,524.96
Clothes,6/8/2010,706399714,7/19/2010,8228,109.28,35.84
Office Supplies,8/23/2010,950427091,9/14/2010,1352,651.21,524.96
Snacks,12/11/2014,875370299,12/28/2014,379,152.58,97.44
Clothes,1/27/2011,801590669,3/15/2011,7347,109.28,35.84
Personal Care,5/7/2014,219762027,5/28/2014,1322,81.73,56.67
*Cereal,11/8/2010,940870702,11/21/2010,3404,205.7,117.11
Fruits,3/30/2014,346215522,5/4/2014,1721,9.33,6.92
Clothes,7/9/2016,837407815,7/20/2016,6436,109.28,35.84
Meat,7/15/2014,386371409,7/19/2014,4741,421.89,364.69
Beverages,10/14/2013,185342633,11/24/2013,5859,47.45,31.79
Snacks,1/13/2017,596870315,2/18/2017,6045,152.58,97.44
Meat,12/22/2012,703815782,1/7/2013,3585,421.89,364.69
Personal Care,4/16/2010,559352862,6/4/2010,3797,81.73,56.67
Cosmetics,2/27/2011,736967885,3/12/2011,4029,437.2,263.33
Clothes,1/14/2015,980459678,2/9/2015,8661,109.28,35.84
Vegetables,11/16/2014,653939568,12/6/2014,4105,154.06,90.93
Cosmetics,1/17/2016,991831386,1/29/2016,3803,437.2,263.33
*Cereal,5/29/2017,148871457,7/6/2017,3227,205.7,117.11
Fruits,2/10/2015,850108611,2/25/2015,4884,9.33,6.92
Office Supplies,12/8/2013,940904176,1/7/2014,3309,651.21,524.96
Office Supplies,12/10/2015,136931979,12/13/2015,70,651.21,524.96
Beverages,9/4/2016,474178349,9/26/2016,8766,47.45,31.79
Personal Care,7/19/2016,458942115,7/29/2016,25,81.73,56.67
Beverages,1/9/2017,917834603,1/13/2017,6510,47.45,31.79
Personal Care,11/5/2016,947779643,12/5/2016,7913,81.73,56.67
Clothes,10/31/2015,166013562,11/26/2015,5957,109.28,35.84
Beverages,1/25/2011,960085189,2/13/2011,9397,47.45,31.79
Cosmetics,11/8/2015,837855851,11/8/2015,9020,437.2,263.33
Snacks,6/24/2010,977499377,8/12/2010,2643,152.58,97.44
Beverages,2/27/2014,377502095,3/3/2014,114,47.45,31.79
Meat,2/5/2013,806662833,3/27/2013,8313,421.89,364.69
Vegetables,4/15/2017,954092919,5/11/2017,6152,154.06,90.93
Meat,4/9/2011,479216182,4/26/2011,9572,421.89,364.69
Personal Care,12/13/2010,461768949,12/30/2010,6548,81.73,56.67
Meat,5/13/2014,251800048,5/22/2014,2085,421.89,364.69
Personal Care,1/16/2013,619670808,2/25/2013,3217,81.73,56.67
Household,12/9/2010,606055057,1/23/2011,4014,668.27,502.54
Baby Food,1/24/2013,671939122,2/14/2013,573,255.28,159.42
Cosmetics,2/25/2014,448621833,3/3/2014,6025,437.2,263.33
Fruits,7/23/2017,987714517,9/11/2017,5530,9.33,6.92
Household,5/7/2016,711141002,6/14/2016,1280,668.27,502.54
Office Supplies,3/24/2012,361137616,4/18/2012,7501,651.21,524.96
Household,10/3/2011,750253188,11/21/2011,5446,668.27,502.54
Office Supplies,12/22/2014,511349046,1/2/2015,8401,651.21,524.96
Personal Care,8/23/2011,147599017,8/28/2011,6684,81.73,56.67
Beverages,4/18/2015,682489430,5/23/2015,2644,47.45,31.79
Vegetables,1/11/2014,509819114,2/23/2014,5660,154.06,90.93
Office Supplies,2/27/2012,343699395,4/2/2012,7144,651.21,524.96
Clothes,4/4/2011,968554103,4/8/2011,5537,109.28,35.84
Beverages,12/26/2013,989119565,1/6/2014,1315,47.45,31.79
Vegetables,9/12/2012,880444610,10/31/2012,1980,154.06,90.93
Vegetables,12/19/2015,737890565,1/15/2016,7071,154.06,90.93
Vegetables,6/26/2014,727131259,8/9/2014,3153,154.06,90.93
Office Supplies,3/2/2015,634153020,3/11/2015,8826,651.21,524.96
Beverages,8/17/2014,315254676,9/8/2014,9719,47.45,31.79
Personal Care,7/19/2010,147047555,9/3/2010,3494,81.73,56.67
Household,1/14/2013,576455485,2/13/2013,4843,668.27,502.54
Snacks,7/19/2010,770714795,8/26/2010,490,152.58,97.44
Cosmetics,7/11/2011,867374312,8/3/2011,4189,437.2,263.33
Fruits,5/4/2010,624295365,6/23/2010,1727,9.33,6.92
Clothes,10/13/2013,769651782,11/3/2013,5921,109.28,35.84
Vegetables,7/27/2014,751929891,8/1/2014,1619,154.06,90.93
Office Supplies,4/4/2010,989928519,4/11/2010,702,651.21,524.96
Meat,8/17/2014,622758996,10/1/2014,7081,421.89,364.69
Baby Food,1/4/2016,659845149,1/29/2016,1698,255.28,159.42
Baby Food,5/17/2011,830923306,6/5/2011,7526,255.28,159.42
Beverages,2/12/2010,936042296,3/17/2010,4571,47.45,31.79
Household,2/17/2015,395563447,3/30/2015,4869,668.27,502.54
Meat,6/7/2011,500160586,6/7/2011,7487,421.89,364.69
Fruits,5/26/2015,360820043,7/2/2015,3524,9.33,6.92
Snacks,5/24/2010,958840644,6/2/2010,1109,152.58,97.44
Baby Food,2/21/2011,195833718,4/7/2011,404,255.28,159.42
Personal Care,6/28/2014,543723094,7/2/2014,8601,81.73,56.67
Cosmetics,10/15/2010,494745099,10/30/2010,4924,437.2,263.33
Vegetables,5/18/2010,411448562,6/30/2010,5628,154.06,90.93
Personal Care,2/2/2017,276694810,2/16/2017,8998,81.73,56.67
Office Supplies,11/24/2016,143657672,1/8/2017,352,651.21,524.96
Baby Food,12/23/2011,585823476,1/6/2012,7040,255.28,159.42
Clothes,12/5/2016,446991050,1/16/2017,3440,109.28,35.84
Clothes,2/16/2017,891271722,2/22/2017,5963,109.28,35.84
Cosmetics,5/18/2010,453089320,6/16/2010,8053,437.2,263.33
Baby Food,9/7/2010,887180173,10/18/2010,5183,255.28,159.42
Cosmetics,3/12/2014,418593108,3/25/2014,9858,437.2,263.33
Personal Care,7/16/2010,492689454,8/16/2010,6613,81.73,56.67
Cosmetics,12/5/2016,825143039,12/20/2016,7017,437.2,263.33
Vegetables,10/8/2013,751940190,10/10/2013,4667,154.06,90.93
Baby Food,8/9/2016,579379737,8/26/2016,194,255.28,159.42
Meat,10/6/2011,234073007,11/20/2011,6259,421.89,364.69
Meat,2/17/2013,612943828,3/1/2013,2554,421.89,364.69
Fruits,12/14/2012,433228528,12/21/2012,804,9.33,6.92
Fruits,11/20/2015,282475936,11/28/2015,9762,9.33,6.92
Meat,7/7/2012,368547379,7/12/2012,214,421.89,364.69
Meat,6/2/2013,969616687,6/28/2013,9980,421.89,364.69
Baby Food,2/4/2015,184170186,2/17/2015,8906,255.28,159.42
Fruits,4/28/2011,681006705,6/14/2011,3872,9.33,6.92
Baby Food,2/1/2012,249237573,2/21/2012,3791,255.28,159.42
Vegetables,1/29/2017,348286616,2/13/2017,4604,154.06,90.93
Clothes,12/1/2011,257890164,12/29/2011,4285,109.28,35.84
Cosmetics,5/8/2017,228097045,6/17/2017,7839,437.2,263.33
*Cereal,5/3/2017,129268586,6/21/2017,2302,205.7,117.11
Cosmetics,10/31/2015,802078616,12/9/2015,1741,437.2,263.33
Clothes,4/11/2010,907513463,4/19/2010,2256,109.28,35.84
Vegetables,7/17/2010,976871955,8/31/2010,6975,154.06,90.93
*Cereal,5/31/2012,261765420,7/17/2012,1060,205.7,117.11
Vegetables,7/15/2016,784117686,7/17/2016,6703,154.06,90.93
Cosmetics,1/14/2017,586165082,1/27/2017,8128,437.2,263.33
Snacks,11/26/2012,480456435,12/16/2012,6591,152.58,97.44
*Cereal,10/3/2011,899853074,10/26/2011,5376,205.7,117.11
Baby Food,11/30/2010,547528827,12/15/2010,4802,255.28,159.42
Vegetables,5/8/2016,446970021,5/9/2016,7217,154.06,90.93
Beverages,2/27/2016,791975486,3/20/2016,2001,47.45,31.79
Vegetables,8/24/2014,496656548,9/29/2014,564,154.06,90.93
Vegetables,5/26/2013,345437037,6/30/2013,1351,154.06,90.93
Vegetables,1/26/2015,743053281,2/23/2015,4833,154.06,90.93
Snacks,1/7/2012,364554107,1/18/2012,8516,152.58,97.44
Cosmetics,10/21/2012,205300843,12/3/2012,1937,437.2,263.33
Household,9/16/2015,430967319,10/5/2015,1661,668.27,502.54
Meat,6/28/2012,827539861,7/1/2012,6289,421.89,364.69
Snacks,12/2/2014,351317298,1/14/2015,1450,152.58,97.44
Household,2/4/2013,278910958,2/4/2013,4805,668.27,502.54
Cosmetics,2/17/2017,157244670,3/15/2017,1047,437.2,263.33
Beverages,6/24/2015,953554761,7/28/2015,6899,47.45,31.79
*Cereal,7/30/2016,105390059,8/25/2016,6115,205.7,117.11
Cosmetics,10/23/2014,970611894,11/10/2014,4483,437.2,263.33
Baby Food,12/16/2016,677394092,12/29/2016,4820,255.28,159.42
Baby Food,9/28/2015,474222981,10/26/2015,1973,255.28,159.42
Snacks,4/16/2016,779897391,5/5/2016,7824,152.58,97.44
Snacks,3/27/2017,733528649,3/30/2017,6283,152.58,97.44
Office Supplies,6/25/2014,444540584,8/2/2014,8292,651.21,524.96
Clothes,7/29/2012,542669522,9/11/2012,6826,109.28,35.84
Fruits,5/4/2013,827964293,6/1/2013,1888,9.33,6.92
Snacks,2/2/2012,720786225,2/15/2012,5516,152.58,97.44
Household,7/24/2016,611809146,8/1/2016,6777,668.27,502.54
Personal Care,11/4/2012,512019383,12/12/2012,6769,81.73,56.67
Personal Care,8/5/2014,502715766,8/17/2014,3621,81.73,56.67
Office Supplies,10/22/2013,285509622,10/28/2013,7497,651.21,524.96
Beverages,12/1/2014,532324779,1/3/2015,5586,47.45,31.79
Personal Care,11/2/2015,635397565,11/21/2015,7114,81.73,56.67
*Cereal,10/7/2011,957276809,11/4/2011,8335,205.7,117.11
Snacks,2/9/2014,580823838,3/21/2014,7536,152.58,97.44
Office Supplies,5/29/2016,459212481,6/16/2016,33,651.21,524.96
Baby Food,4/8/2013,265929067,5/23/2013,3175,255.28,159.42
Beverages,9/20/2011,644772422,10/26/2011,1343,47.45,31.79
Vegetables,4/12/2012,959853875,5/4/2012,947,154.06,90.93
Vegetables,10/2/2012,645597255,10/25/2012,5429,154.06,90.93
Baby Food,1/2/2012,556738889,1/25/2012,264,255.28,159.42
Vegetables,9/30/2013,718327605,11/10/2013,7956,154.06,90.93
Baby Food,3/10/2015,775724732,3/20/2015,3041,255.28,159.42
Baby Food,10/26/2010,444604098,10/31/2010,7088,255.28,159.42
Beverages,5/2/2011,860952031,5/13/2011,3693,47.45,31.79
Meat,2/19/2017,531067359,2/20/2017,3488,421.89,364.69
Cosmetics,7/20/2014,281561410,8/2/2014,9133,437.2,263.33
Personal Care,6/18/2017,109358012,7/10/2017,321,81.73,56.67
Beverages,7/19/2010,531693494,8/6/2010,8775,47.45,31.79
Clothes,8/9/2013,336116683,9/4/2013,3251,109.28,35.84
*Cereal,3/23/2017,630488908,4/30/2017,4534,205.7,117.11
Fruits,10/31/2016,792983996,12/2/2016,441,9.33,6.92
Fruits,7/3/2016,722088277,7/3/2016,822,9.33,6.92
Cosmetics,1/7/2010,386600577,1/29/2010,2557,437.2,263.33
Beverages,12/6/2014,275632226,1/18/2015,4556,47.45,31.79
Vegetables,10/16/2015,948607051,11/27/2015,2761,154.06,90.93
*Cereal,5/10/2013,785261380,5/26/2013,5147,205.7,117.11
*Cereal,3/27/2013,935644042,5/15/2013,6719,205.7,117.11
Snacks,7/13/2014,370116364,8/17/2014,4512,152.58,97.44
Beverages,8/16/2013,829352176,8/26/2013,2594,47.45,31.79
Household,7/14/2015,974337804,8/7/2015,7063,668.27,502.54
Household,12/23/2014,436372077,1/3/2015,1050,668.27,502.54
*Cereal,4/27/2015,267066323,5/19/2015,9715,205.7,117.11
Fruits,3/14/2017,688344371,4/28/2017,5251,9.33,6.92
Cosmetics,10/2/2014,642442548,11/2/2014,1881,437.2,263.33
*Cereal,7/13/2014,941909682,8/1/2014,861,205.7,117.11
Beverages,7/31/2016,219607102,8/13/2016,5477,47.45,31.79
Personal Care,8/30/2010,778708636,9/2/2010,6045,81.73,56.67
Beverages,4/22/2010,942700612,6/6/2010,4915,47.45,31.79
Household,3/9/2011,905381858,4/8/2011,1466,668.27,502.54
Meat,1/13/2010,480863702,1/28/2010,7110,421.89,364.69
Cosmetics,1/6/2016,453569972,2/19/2016,289,437.2,263.33
Baby Food,8/17/2016,328236997,9/10/2016,1476,255.28,159.42
Personal Care,10/22/2011,579913604,10/23/2011,8177,81.73,56.67
Cosmetics,2/12/2010,403961122,3/20/2010,9928,437.2,263.33
Cosmetics,5/29/2017,866053378,6/22/2017,3295,437.2,263.33
Household,4/17/2010,852176702,5/13/2010,6878,668.27,502.54
Baby Food,9/8/2015,218629920,10/20/2015,6307,255.28,159.42
Baby Food,2/13/2016,242024362,3/17/2016,9242,255.28,159.42
Snacks,2/16/2014,469283854,2/16/2014,376,152.58,97.44
Fruits,4/22/2013,967644727,4/30/2013,6433,9.33,6.92
Cosmetics,7/15/2014,974655807,7/23/2014,1167,437.2,263.33
Vegetables,3/7/2012,248178422,3/22/2012,365,154.06,90.93
Vegetables,1/14/2013,416386401,2/16/2013,6844,154.06,90.93
Snacks,5/22/2017,927766072,6/20/2017,5453,152.58,97.44
Vegetables,3/23/2015,401116263,3/31/2015,8071,154.06,90.93
Fruits,9/28/2012,675548303,11/6/2012,8610,9.33,6.92
Baby Food,6/6/2013,960486018,7/4/2013,8012,255.28,159.42
Clothes,4/2/2014,985665738,5/19/2014,9250,109.28,35.84
Clothes,1/13/2017,551136291,1/13/2017,2331,109.28,35.84
*Cereal,2/3/2017,877259004,2/16/2017,9289,205.7,117.11
Beverages,8/5/2014,554707705,9/19/2014,9192,47.45,31.79
*Cereal,10/6/2010,494468724,10/23/2010,3139,205.7,117.11
Personal Care,9/10/2011,777840888,10/23/2011,9259,81.73,56.67
Baby Food,12/12/2016,206435525,1/27/2017,7714,255.28,159.42
Office Supplies,10/26/2015,352176463,12/5/2015,5696,651.21,524.96
Cosmetics,10/14/2013,607300031,10/14/2013,2429,437.2,263.33
Baby Food,8/17/2013,434355056,9/28/2013,4168,255.28,159.42
Fruits,8/7/2011,716202867,9/20/2011,9199,9.33,6.92
Personal Care,5/22/2016,606017291,6/12/2016,2838,81.73,56.67
*Cereal,1/13/2015,677284657,1/15/2015,2436,205.7,117.11
Fruits,7/22/2014,673803794,7/29/2014,2371,9.33,6.92
*Cereal,6/25/2015,859686028,7/10/2015,9055,205.7,117.11
Clothes,8/10/2015,669355189,9/26/2015,5930,109.28,35.84
Fruits,10/19/2013,957547605,11/21/2013,8470,9.33,6.92
Personal Care,10/9/2013,849312102,11/23/2013,9180,81.73,56.67
Personal Care,9/26/2012,890010011,10/14/2012,2595,81.73,56.67
*Cereal,10/2/2012,795315158,10/26/2012,284,205.7,117.11
Clothes,12/11/2016,801213872,1/28/2017,5844,109.28,35.84
Fruits,7/26/2010,314004981,8/9/2010,9907,9.33,6.92
*Cereal,3/27/2010,160299813,4/6/2010,5132,205.7,117.11
Beverages,9/11/2014,337022197,9/22/2014,1212,47.45,31.79
Snacks,3/9/2016,461408460,3/15/2016,9872,152.58,97.44
Office Supplies,10/19/2011,221007430,11/10/2011,9865,651.21,524.96
Snacks,10/31/2014,723680436,12/20/2014,1978,152.58,97.44
Fruits,2/23/2013,447601306,3/11/2013,4028,9.33,6.92
Clothes,10/25/2010,191256368,11/9/2010,5864,109.28,35.84
Vegetables,10/4/2016,823444449,10/30/2016,4366,154.06,90.93
Beverages,9/4/2010,133276879,10/17/2010,8445,47.45,31.79
Meat,12/22/2014,480177485,2/7/2015,4043,421.89,364.69
Household,4/8/2015,243882596,5/11/2015,9135,668.27,502.54
Cosmetics,3/2/2017,574441039,4/6/2017,8724,437.2,263.33
Household,3/14/2012,442214143,5/3/2012,9847,668.27,502.54
Clothes,11/22/2011,687875735,12/2/2011,6571,109.28,35.84
Clothes,9/8/2013,872412145,9/25/2013,4995,109.28,35.84
Fruits,4/23/2012,627122199,4/29/2012,8250,9.33,6.92
Fruits,2/14/2011,103617227,3/12/2011,1495,9.33,6.92
Vegetables,10/6/2010,423821055,10/22/2010,6923,154.06,90.93
Vegetables,12/8/2012,529970014,1/3/2013,8759,154.06,90.93
Personal Care,8/17/2016,334612929,10/3/2016,8256,81.73,56.67
Beverages,4/23/2014,270611131,5/24/2014,8702,47.45,31.79
Office Supplies,11/18/2010,841138446,12/8/2010,413,651.21,524.96
Household,4/22/2012,369681203,5/9/2012,5738,668.27,502.54
Household,4/5/2014,850038230,4/21/2014,4057,668.27,502.54
Beverages,6/21/2013,296320855,7/13/2013,6781,47.45,31.79
Cosmetics,7/13/2011,392952907,8/13/2011,2352,437.2,263.33
Snacks,2/1/2011,644670712,3/21/2011,1245,152.58,97.44
Meat,1/27/2012,626523101,2/16/2012,963,421.89,364.69
Vegetables,6/24/2015,433871400,7/1/2015,1044,154.06,90.93
Snacks,1/3/2012,232389438,1/8/2012,8054,152.58,97.44
*Cereal,2/21/2016,708063542,3/19/2016,592,205.7,117.11
Vegetables,12/4/2016,817192542,12/22/2016,4288,154.06,90.93
Meat,1/16/2012,936387765,2/29/2012,6803,421.89,364.69
Clothes,8/6/2011,612573039,8/9/2011,2830,109.28,35.84
Clothes,8/12/2011,812984693,8/22/2011,9092,109.28,35.84
Meat,12/18/2012,775171554,1/5/2013,9344,421.89,364.69
Household,1/10/2010,256994950,2/19/2010,9372,668.27,502.54
Beverages,2/28/2017,886628711,3/31/2017,1993,47.45,31.79
Beverages,12/8/2011,312559163,12/16/2011,2057,47.45,31.79
*Cereal,8/18/2014,753585135,9/13/2014,1443,205.7,117.11
Beverages,4/19/2016,448817956,4/22/2016,4062,47.45,31.79
Clothes,11/6/2012,407681453,12/24/2012,856,109.28,35.84
Snacks,5/27/2016,359911954,6/23/2016,4800,152.58,97.44
Office Supplies,8/18/2013,105558288,8/19/2013,5898,651.21,524.96
Personal Care,12/31/2014,864981782,2/11/2015,6186,81.73,56.67
Office Supplies,2/4/2013,328856265,2/12/2013,4732,651.21,524.96
Clothes,9/23/2016,308168065,10/18/2016,2633,109.28,35.84
Household,11/1/2016,884216010,11/2/2016,8021,668.27,502.54
Snacks,12/27/2012,858611428,1/9/2013,1057,152.58,97.44
*Cereal,3/10/2017,903278148,4/3/2017,,,
Beverages,3/17/2012,410452497,3/26/2012,870,47.45,31.79
*Cereal,12/17/2015,642683303,1/20/2016,3126,205.7,117.11
Beverages,2/18/2017,682831895,3/16/2017,3987,47.45,31.79
Baby Food,11/5/2016,584072101,11/5/2016,8769,255.28,159.42
Meat,4/9/2017,919890248,5/18/2017,4821,421.89,364.69
Snacks,4/18/2010,534085166,4/25/2010,6524,152.58,97.44
Baby Food,8/1/2011,590768182,9/7/2011,288,255.28,159.42
Vegetables,5/12/2011,524363124,6/28/2011,9556,154.06,90.93
Household,1/25/2016,289606320,2/14/2016,,,
*Cereal,4/10/2014,811546599,5/8/2014,3528,205.7,117.11
